AirportID,CityID,City Name,Airport Name,Country,Length (ft),Elevation (ft),Geographic Location,CountryID
1,500,ANCHORAGE INTL,ANCHORAGE INTL,ALASKA,10897,144,6110N 15000W,1
2,501,ANCHORAGE ELMENDORF,ELMENDORF,ALASKA,10000,213,6115N 14948W,1
3,502,COLD BAY,COLD BAY,ALASKA,10415,98,5512N 16243W,1
4,503,FAIRBANKS,FAIRBANKS INTL,ALASKA,10300,434,6449N 14751W,1
5,504,SHEYMA,SHEYMA,ALASKA,9992,97,5243N 17407W,1
6,505,ADRAR,TOUAT,ALGERIA,9843,915,2750N 0011W,2
7,506,ALGIERS,HOUARI BOUMEDIENNE,ALGERIA,11500,82,3642N 0313E,2
8,507,ANNABA,EL MELLAH,ALGERIA,9843,16,3649N 0749E,2
9,508,CONSTANTINE,AIN-EL-BEY,ALGERIA,7874,2303,3617N 0637E,2
10,509,EL GOLEA,EL GOLEA,ALGERIA,9843,1306,3034N 0252E,2
11,510,GHARDAIA,GHARDAIA,ALGERIA,10171,1512,3223N 0349E,2
12,511,HASSI MESSAOUD,OUED IRARA,ALGERIA,9842,463,3140N 0609E,2
13,512,IN SALAH,IN SALAH,ALGERIA,7874,883,2715N 0231E,2
14,513,ORAN,ES SENIA,ALGERIA,9843,295,3538N 0037E,2
15,514,TAMANRASSET,TAMANRASSET,ALGERIA,11811,4518,2249N 0528E,2
16,515,ZARAZAITINE,IN AMENAS,ALGERIA,9843,1847,2803N 0938E,2
17,516,BUENOS AIRES,EZEIZA,ARGENTINA,10827,66,3449S 5832W,3
18,517,COMODORO RIVADAVIA,COMODORO RIVADAVIA,ARGENTINA,9022,190,4547S 6728W,3
19,518,CORDOBA,CORDOBA,ARGENTINA,10499,1604,3119S 6413W,3
20,519,MAR DE PLATA,MAR DE PLATA,ARGENTINA,7218,66,3756S 5735W,3
21,520,ADELAIDE,ADELAIDE INTL.,AUSTRALIA,8294,20,3457S 13832E,4
22,521,ALICE SPRINGS,ALICE SPRINGS,AUSTRALIA,8000,1789,2349S 13354E,4
23,522,AVALON,AVALON,AUSTRALIA,10000,35,3802S 14428E,4
24,523,BRISBANE,BRISBANE,AUSTRALIA,11483,13,2723S 15307E,4
25,524,CAIRNS,CAIRNS,AUSTRALIA,10489,10,1653S 1454E,4
26,525,CANBERRA,CANBERRA,AUSTRALIA,8800,1888,3519S 14912E,4
27,526,COOLANGATTA,COOLANGATTA,AUSTRALIA,6700,21,2810S 15330E,4
28,527,DARWIN,DARWIN INTL.,AUSTRALIA,10906,102,1225S 13053E,4
29,528,KARRATHA,DAMPIER,AUSTRALIA,6070,29,2043S 11646E,4
30,529,KATHERINE,TINDAL,AUSTRALIA,8900,431,1431S 13223E,4
31,530,MEEKATHARRA,MEEKATHARRA,AUSTRALIA,7155,1713,2637S 11833E,4
32,531,MELBOURNE,MELBOURNE INTL.,AUSTRALIA,12000,434,3741S 14451E,4
33,532,MOUNT ISA,MOUNT ISA,AUSTRALIA,8400,1121,2040S 13929E,4
34,533,NORFOLK ISLAND,NORFOLK ISLAND,AUSTRALIA,6400,371,2903S 16756E,4
35,534,PEARCE,PEARCE,AUSTRALIA,8000,149,3140S 11601E,4
36,535,PERTH,PERTH INTL.,AUSTRALIA,11300,67,3156S 11558E,4
37,536,PORT HEDLAND,PORT HEDLAND,AUSTRALIA,8202,33,2023S 11838E,4
38,537,ROCKHAMPTON,ROCKHAMPTON,AUSTRALIA,6500,34,2323S 15028E,4
39,538,SYDNEY,KINGFORD SMITH,AUSTRALIA,13000,21,3357S 15110E,4
40,539,TOWNSVILLE,TOWNSVILLE,AUSTRALIA,7900,18,1915S 14646E,4
41,540,ABBOTSFORD,ABBOTSFORD,CANADA,8000,190,4901N 12222W,5
42,541,BAGOTVILLE,BAGOTVILLE,CANADA,10000,190,4802N 7100W,5
43,542,CALGARY,CALGARY INTL,CANADA,12675,3557,5106N 11401W,5
44,543,CHURCHILL,CHURCHILL,CANADA,9200,94,5844N 9404W,5
45,544,EDMONTON,EDMONTON INTL,CANADA,11000,2373,5319N 11335W,5
46,545,FREDERICTON,FREDERICTON,CANADA,6000,67,4552N 6632W,5
47,546,GANDER,GANDER,CANADA,10500,496,4857N 5434W,5
48,547,GOOSE,GOOSE,CANADA,11050,160,5319N 6025W,5
49,548,HALIFAX,HALIFAX INTL,CANADA,8800,476,4453N 6331S,5
50,549,HALIFAX,SHEARWATER,CANADA,8200,167,4438N 6330W,5
51,550,HAMILTON,HAMILTON,CANADA,8000,780,4310N 7956W,5
52,551,IQUALUIT,IQUALUIT,CANADA,9000,110,6345N 6833W,5
53,552,KUUJJUAG,KUUJJUAG,CANADA,6000,122,5806N 6826W,5
54,553,MONCTON,MONCTON,CANADA,8000,232,4607W 6441N,5
55,554,MONT JOLI,MONT JOLI,CANADA,6000,172,4836N 6812W,5
56,555,MONTREAL DORVAL,DORVAL,CANADA,11000,117,4528W 7345N,5
57,556,MONTREAL MIRABEL,MIRABEL,CANADA,12000,270,4541N 7402W,5
58,557,NORTH BAY,NORTH BAY,CANADA,10000,1216,4622N 7925W,5
59,558,OTTAWA,OTTAWA,CANADA,10000,374,4519N 7540W,5
60,559,QUEBEC,QUEBEC,CANADA,9000,243,4648N 7123W,5
61,560,REGINA,REGINA,CANADA,7900,1894,5026N 10440W,5
62,561,SASSKATOON,SASSKATOON,CANADA,8300,1653,5210N 10642W,5
63,562,SEPT ILES,SEPT ILES,CANADA,6572,180,5013N 6616W,5
64,563,ST. JOHNS,ST. JOHNS,CANADA,8500,460,4737N 5245W,5
65,564,STEPHENVILLE,STEPHENVILLE,CANADA,10000,84,4832N 5833W,5
66,565,SYDNEY,SYDNEY,CANADA,7070,203,4610N 6003W,5
67,566,THOMPSON,THOMPSON,CANADA,5800,729,5548N 9725W,5
68,567,TORONTO,TORONTO,CANADA,11050,569,4341N 7938W,5
69,568,URANIUM CITY,URANIUM CITY,CANADA,5000,1044,5934N 10829W,5
70,569,VAL D'OR,VAL D'OR,CANADA,10000,1106,4803N 7747W,5
71,570,VANCOUVER,VANCOUVER,CANADA,11000,9,4911N 12310W,5
72,571,WHITEHOUSE,WHITEHOUSE,CANADA,7200,2305,6043N 13504W,5
73,572,WINDSOR,WINDSOR,CANADA,7900,622,4216N 8258W,5
74,573,WINNIPEG,WINNIPEG,CANADA,11000,783,4955N 9714W,5
75,574,YARMOUTH,YARMOUTH,CANADA,6000,141,4350N 6605W,5
76,575,YELLOWKNIFE,YELLOWKNIFE,CANADA,7500,675,6228N 11427W,5
77,576,BEIJING,CAPITAL,CHINA,12467,115,4004N 11635E,6
78,577,CHENGDU,SHUANGLIU,CHINA,9186,1624,3035N 10357E,6
79,578,GUANGZHOU/CANTON,BAIYUN,CHINA,11089,36,2311N 11316E,6
80,579,KUNMING,WUJIABA,CHINA,11155,6217,2500N 10245E,6
81,580,LANZHOU,ZHONGCHUAN,CHINA,11155,6391,3631N 10337E,6
82,581,SHANGHAI,HONGQIAC,CHINA,10499,10,3112N 12120E,6
83,582,SHENZHEN,HUANGTIAN,CHINA,11155,13,2238N 11349E,6
84,583,TAIYUAN,WUSU,CHINA,8202,2566,3745N 11237E,6
85,584,TIANJIN,ZHANGGUIZHUANG,CHINA,10499,10,3907N 11721E,6
86,585,URUMQI,DIWOPU,CHINA,10499,2129,4354N 8729E,6
87,586,XI'AN,XIANYANG,CHINA,9843,1572,3426N 10845E,6
88,587,AALBORG,AALBORG,DENMARK,8694,10,5706N 0951E,7
89,588,BILLUND,BILLUND,DENMARK,10171,247,5544N 0909E,7
90,589,BORNHOLM,RONNE,DENMARK,6562,52,5504N 1446E,7
91,590,COPENHAGEN KASTRUP,KASTRUP,DENMARK,11811,17,5537N 1239E,7
92,591,COPENHAGEN ROSKILDE,ROSKILDE,DENMARK,4921,145,5535N 1208E,7
93,592,ESBJERG,ESBJERG,DENMARK,8530,97,5532N 0833E,7
94,593,ODENSE,ODENSE,DENMARK,5397,56,5529N 1020E,7
95,594,TIRSTRUP,TIRSTRUP,DENMARK,8885,82,5618N 1037E,7
96,595,ABBEVILLE,ABBEVILLE,FRANCE,5249,220,5009N 0150E,8
97,596,AGLEN,LA GARENNE,FRANCE,7103,203,4411N 0035E,8
98,597,AJACCIO,DELL'ORO,FRANCE,7933,16,4155N 0848E,8
99,598,ANGERS,AVRILLE,FRANCE,4052,187,4730N 0034W,8
100,599,BASLE,MULHOUSE,FRANCE,12795,883,4735N 0732E,8
101,600,BASTIA,PORETTA,FRANCE,8268,26,4233N 0929E,8
102,601,BERGERAC,ROUMANIERE,FRANCE,6742,167,4450N 0031E,8
103,602,BEUVAIS,TILLE,FRANCE,7972,358,4927N 0207E,8
104,603,BEZIERS,VIAS,FRANCE,5971,56,4319N 0321E,8
105,604,BIARRITZ/BAYONE,ANGLET,FRANCE,7382,243,4328N 0132W,8
106,605,BORDEAUX,MERIGNAC,FRANCE,10170,161,4450N 0043W,8
107,606,BREST,GUIPAVAS,FRANCE,10171,325,4827N 0425W,8
108,607,BRETIGNY-SUR-ORGE,BRETIGNY-SUR-ORGE,FRANCE,9843,269,4836N 0221E,8
109,608,CAEN,CARPIQUET,FRANCE,5249,256,4910N 0027W,8
110,609,CAHORS,LALBENQUE,FRANCE,4921,912,4421N 0129E,8
111,610,CALAIS-DUNKERQUE,CALAIS-DUNKERQUE,FRANCE,5036,10,5058N 0157E,8
112,611,CALVI,ST. CATHERINE,FRANCE,7579,210,4231N 0848E,8
113,612,CAMBRAI,EPINOY,FRANCE,8301,256,5013N 0309E,8
114,613,CANNES,MANDELIEU,FRANCE,5085,13,4333N 0657E,8
115,614,CARCASSONNE,SALVAZA,FRANCE,6398,433,4313N 0219E,8
116,615,CHAMBERY,AIX LES BAINS,FRANCE,6627,788,4538N 0553E,8
117,616,CHATEAUROUX,DEOLS,FRANCE,8366,528,4652N 0143E,8
118,617,CHERBOURG,MAUPERTUS,FRANCE,8005,456,4939N 0128W,8
119,618,CLERMOUNT FERRAND,AULNAT,FRANCE,9892,1089,4547N 0310E,8
120,619,COLMAR,HOUSSEN,FRANCE,5282,630,4807N 0722E,8
121,620,DEAUVILLE,ST. GATIEN,FRANCE,8366,479,4922N 0010E,8
122,621,DIEPPE,ST. AUBIN,FRANCE,2690,344,4953N 0105E,8
123,622,DIJON,LONGVIC,FRANCE,7874,728,4716N 0506E,8
124,623,DINARD,PLEURTUIT-ST. MALO,FRANCE,7218,217,4835N 0205W,8
125,624,GRENOBLE,ST. GEOIRS,FRANCE,10007,1302,4522N 0520E,8
126,625,HYERES,LE PALYVESTRE,FRANCE,6955,13,4306N 0609E,8
127,626,LA ROCHELLE,LALEU,FRANCE,7021,72,4611N 0111W,8
128,627,LANNION,LANNION,FRANCE,5584,292,4854N 0328W,8
129,628,LE HAVRE,OCTEVILLE,FRANCE,7546,312,4932N 0005E,8
130,629,LE MANS,ARNAGE,FRANCE,4626,194,4757N 0012E,8
131,630,LE TOUQUET,PARIS PLAGE,FRANCE,7382,36,5031N 0138E,8
132,631,LILLE,LESQUIN,FRANCE,9268,157,5034N 0305E,8
133,632,LIMOGES,BELLEGARDE,FRANCE,8202,1299,4552N 0111E,8
134,633,LYON,BRON,FRANCE,5971,659,4544N 0456E,8
135,634,MARSEILLE,PROVENCE,FRANCE,11483,69,4326N 0513E,8
136,635,METZ,NANCY LORRAINE,FRANCE,8202,869,4859N 0615E,8
137,636,MONTPELLIER,FREJORGUES,FRANCE,8530,16,4335N 0358E,8
138,637,MORLAIX,PLOUJEAN,FRANCE,4216,282,4836N 0349W,8
139,638,NANCY,ESSEY,FRANCE,4593,753,4842N 0614E,8
140,639,NANTES ATLANTIQUE,NANTES ATLANTIQUE,FRANCE,9514,89,4709N 0136W,8
141,640,PARIS CHARLES DE GAULLE,CHARLES-DE-GAULLE,FRANCE,11860,387,4901N 0233E,8
142,641,PARIS LE BOURGET,LE BOURGET,FRANCE,9843,217,4858N 0227E,8
143,642,PARIS ORLY,ORLY,FRANCE,11975,292,4843N 0223E,8
144,643,PAU PYRENEES,PAU PYRENEES,FRANCE,8202,617,4323N 0025W,8
145,644,PERIGUEUX,BASSILLAC,FRANCE,5741,328,4512N  0049E,8
146,645,PERPIGNAN,RIVESALTES,FRANCE,8202,144,4244N 0252E,8
147,646,PONTOISE,CORMEILLES EN VEXIN,FRANCE,5545,325,4906N 0202E,8
148,647,QUIMPER,PLUGUFFAN,FRANCE,7054,302,4759N 0410W,8
149,648,REIMS,CHAMPAGNE,FRANCE,8143,312,4919N 0403E,8
150,649,RENNES,ST. JACQUES,FRANCE,6890,121,4804N 0144W,8
151,650,RODEZ,MARCILLAC,FRANCE,6693,1906,4425N 0229E,8
152,651,ROUEN,VALLEE DE SEINE,FRANCE,5577,512,4923N 0111E,8
153,652,ST. BRIEUC,ARMOR,FRANCE,7218,453,4832N 0251W,8
154,653,ST. ETTIENNE,BOUTHEON,FRANCE,7546,1325,4532N 0418E,8
155,654,ST. NAZAIRE,MONTOIR,FRANCE,7874,10,4719N 0209W,8
156,655,ST. YAN,ST. YAN,FRANCE,6660,794,4624N 0401E,8
157,656,STRASBOURG,ENTZHEIM,FRANCE,7874,502,4832N 0738E,8
158,657,TARBES,OSSUN-LOURDES,FRANCE,9843,1243,4311N 0000E,8
159,658,TOULOUSE BLAGNAC,BLAGNAC,FRANCE,11483,499,4337N 0123E,8
160,659,TOULOUSE FRANCAZAL,FRANCAZAL,FRANCE,5906,535,4333N 0121N,8
161,660,TOURS,ST. SYMPHORIEN,FRANCE,7874,354,4726N 0043E,8
162,661,TOUSSUS LE NOBLE,TOUSSUS LE NOBLE,FRANCE,3609,538,4845N 0207E,8
163,662,TROYES,BARBEREY,FRANCE,5143,394,4819N 0401E,8
164,663,VALENCE,CHABEUIL,FRANCE,6890,531,4455N 0458E,8
165,664,BERLIN GATOW,GATOW,GERMANY,6014,162,5229N 1308E,9
166,665,BERLIN SCHOENEFIELD,SCHOENEFIELD,GERMANY,9843,155,5223N 1331E,9
167,666,BERLIN TEGEL,TEGEL,GERMANY,9918,121,5234N 1317E,9
168,667,BERLIN TEMPLEHOF,TEMPLEHOF,GERMANY,6942,164,5228N 1324E,9
169,668,BRAUNSWEIG,BRAUNSWEIG,GERMANY,5315,291,5219N 1033E,9
170,669,BREMEN,BREMEN,GERMANY,6673,13,5303N 0847E,9
171,670,COLOGNE-BONN,COLOGNE-BONN,GERMANY,12467,300,5052N 0709E,9
172,671,DORTMUND,WICKEDE,GERMANY,3445,417,5131N 0737E,9
173,672,DRESDEN,DRESDEN,GERMANY,8202,755,5108N 1346E,9
174,673,DUSSELDORF,DUSSELDORF,GERMANY,9843,147,5117N 0645E,9
175,674,ERFURT,ERFURT,GERMANY,6562,1034,5059N 1058E,9
176,675,FRANKFURT,MAIN,GERMANY,13123,365,5002N 0834E,9
177,676,FRIEDRICHSHAFEN,FRIEDRICHSHAFEN,GERMANY,7730,1366,4740N 0931E,9
178,677,HAMBURG FINKENWERDER,FINKENWERDER,GERMANY,7615,16,5332N 0950E,9
179,678,HAMBURG,HAMBURG,GERMANY,12028,53,5338N 0959E,9
180,679,HANNOVER,HANNOVER,GERMANY,12467,183,5228N 0941E,9
181,680,INGOLSTADT,INGOLSTADT,GERMANY,9646,1202,4834N 1132E,9
182,681,KASSEL-CALDEN,KASSEL-CALDEN,GERMANY,4921,907,5124N 0923E,9
183,682,KIEL,HOLTENAU,GERMANY,4593,101,5423N 1009E,9
184,683,LEIPZIG,HALLE,GERMANY,8202,466,5125N 1214E,9
185,684,LUBECK,BLANKENSEE,GERMANY,5906,52,5348N 1043E,9
186,685,MUNICH,MUNICH,GERMANY,13123,1486,4821N 1147E,9
187,686,MUNSTER,MUNSTER/OSNABRUCK,GERMANY,7119,158,5208N 0741E,9
188,687,NORDHOLZ,NORDHOLZ,GERMANY,8002,74,5346N 0840E,9
189,688,NURNBERG,NURNBERG,GERMANY,8858,1045,4930N 1105E,9
190,689,OBERPFAFFENHOFEN,OBERPFAFFENHOFEN,GERMANY,7500,1947,4805N 1117E,9
191,690,PADERBORN,PADERBORN,GERMANY,7152,699,5137N 0837E,9
192,691,SAARBRUCKEN,ENSHEIM,GERMANY,6562,1057,4913N 0707E,9
193,692,STUTTGART,STUTTGART,GERMANY,8366,1300,4841N 0913E,9
194,693,SYLT,WESTERLAND,GERMANY,6969,51,5455N 0821E,9
195,694,AHMEDABAD,AHMEDABAD,INDIA,8999,180,2304N 7238E,10
196,695,BANGALORE,BANGALORE,INDIA,10850,3307,1257N 7740E,10
197,696,BOMBAY,JAWAHARIAL NEHRU INTL,INDIA,11447,26,1905N 7252E,10
198,697,CALCUTTA,N.S. CHANDRA BOSE INTL.,INDIA,11900,18,2239N 8827E,10
199,698,DELHI,DELHI INTL.,INDIA,12500,744,2834N 7707E,10
200,699,GOA,DABOLIM,INDIA,11253,184,1523N 7350E,10
201,700,HYDERABAD,BEGUMPET,INDIA,9080,1741,1727N 7828E,10
202,701,LUCKNOW,LUCKNOW,INDIA,7054,400,2646N 8053E,10
203,702,MADRAS,MADRAS INTL.,INDIA,12001,34,1300N 8011E,10
204,703,NAGPUR,NAGPUR,INDIA,10500,1012,2105N 7903E,10
205,704,PORT BLAIR,PORT BLAIR,INDIA,6000,16,1139N 9244E,10
206,705,TRIVANDRUM,TRIVANDRUM,INDIA,9750,13,0829N 7655E,10
207,5,AUCKLAND,AUCKLAND INTL.,NEW ZEALAND,11926,23,3701S 17447E,11
208,11,CHRISTCHURCH,CHRISTCHURCH INTL.,NEW ZEALAND,10784,123,4329S 17232E,11
209,115,WELLINGTON,WELLINGTON INTL.,NEW ZEALAND,6350,40,4120S 17448E,11
210,709,ALESUND,VIGRA,NORWAY,5249,71,6234N 0607E,12
211,710,BERGEN,FLESLAND,NORWAY,8038,165,6018N 0513E,12
212,711,FLORO,FLORO,NORWAY,2822,31,6135N 0502E,12
213,712,HARSTAD NARVIK,EVENES,NORWAY,8720,85,6830N 1641E,12
214,713,HAUGESUND,KARMONY,NORWAY,5643,77,5921N 0513E,12
215,714,KIRKENES,HOYBUKTMOEN,NORWAY,5249,299,6944N 2954E,12
216,715,KRISTIANSAND KJEVIK,KJEVIK,NORWAY,6135,57,5812N 0805E,12
217,716,KRISTIANSAND KVERNBERGET,KVERNBERGET,NORWAY,5774,204,6307N 0750E,12
218,717,OSLO FORNEBU,FORNEBU,NORWAY,7776,54,5954N 1037E,12
219,718,OSLO GARDERMOEN,GARDERMOEN,NORWAY,10499,672,6012N 1105E,12
220,719,STAVANGER,SOLA,NORWAY,8383,29,5853N 0538E,12
221,720,TORP,TORP,NORWAY,8005,285,5911N 1016E,12
222,721,TROMSO,TROMSO,NORWAY,7080,29,6941N 1855E,12
223,722,SINGAPORE CHANGI,CHANGI,SINGAPORE,13123,23,0122N 10359E,13
224,723,SINGAPORE PAYA LEBAR,PAYA LEBAR,SINGAPORE,12400,65,0121N 10354E,13
225,724,BEAUFORT WEST,BEAUFORT WEST,SOUTH AFRICA,5400,2929,3218S 2240E,14
226,725,BETHLEHEM,BETHLEHEM,SOUTH AFRICA,4101,5545,2815S 2820E,14
227,726,BISHO,BISHO,SOUTH AFRICA,8202,1950,3254S 2717E,14
228,727,BLOEMFONTEIN,J.B.M. HERZOG,SOUTH AFRICA,8396,4458,2906S 2618E,14
229,728,CAPE TOWN,D.F. MALAN,SOUTH AFRICA,10500,151,3358S 1836E,14
230,729,DURBAN LOUIS BOTHA,LOUIS BOTHA,SOUTH AFRICA,8015,25,2958S 3057E,14
231,730,DURBAN VIRGINIA,VIRGINIA,SOUTH AFRICA,3051,20,2946S 3104E,14
232,731,EAST LONDON,EAST LONDON,SOUTH AFRICA,6348,431,3302S 2749E,14
233,732,FICKSBURG,FICKSBURG,SOUTH AFRICA,4593,5315,2850S 2755E,14
234,733,GEORGE,P.W. BOTHA,SOUTH AFRICA,6562,649,3400S 2222E,14
235,734,GIYANI,GIYANI,SOUTH AFRICA,5577,1575,2317S 3039E,14
236,735,GRAHAMSTOWN,GRAHAMSTOWN,SOUTH AFRICA,3937,2135,3317S 2630E,14
237,736,GRAND CENTRAL,GRAND CENTRAL,SOUTH AFRICA,4000,5327,2559S 2809E,14
238,737,GROOTFONTEIN,GROOTFONTEIN,SOUTH AFRICA,11680,4618,1936S 1808E,14
239,738,HEIDELBERG,HEIDELBERG,SOUTH AFRICA,3855,5119,2631S 2822E,14
240,739,HEILBRON,HEILBRON,SOUTH AFRICA,3280,5200,2717S 2759E,14
241,740,JOHANNESBURG INTL,JAN SMUTS,SOUTH AFRICA,14495,5557,2608S 2815E,14
242,741,JOHANNESBURG RAND,RAND,SOUTH AFRICA,5446,5474,2614S 2809E,14
243,742,KEETMANSHOOP,KEETMANSHOOP,SOUTH AFRICA,7598,3507,2632S 1807E,14
244,743,KIGALI,RWANDA,SOUTH AFRICA,11483,4892,0158S 3008E,14
245,744,KIMBERLEY,B.J. VORSTER,SOUTH AFRICA,9843,3949,2848S 2446E,14
246,745,KLEINSEE,KLEINSEE,SOUTH AFRICA,4921,265,2941S 1706E,14
247,746,KOMATIPOORT,KOMATIPOORT,SOUTH AFRICA,7000,500,2526S 3156E,14
248,747,KROONSTAD,KROONSTAD,SOUTH AFRICA,5823,4700,2740S 2719E,14
249,748,LADYSMITH,LADYSMITH,SOUTH AFRICA,3937,3546,2835S 2945E,14
250,749,LANSERIA,LANSERIA,SOUTH AFRICA,10000,4517,2555S 2756E,14
251,750,LICHTENBURG,LICHTENBURG,SOUTH AFRICA,4154,4875,2610S 2611E,14
252,751,LUDERITZ,LUDERITZ,SOUTH AFRICA,6003,426,2641S 1515E,14
253,752,LYDENBURG,LYDENBURG,SOUTH AFRICA,4472,4820,2506S 3025E,14
254,753,MALELANE,MALELANE,SOUTH AFRICA,3346,1155,2528S 3134E,14
255,754,MARGATE,MARGATE,SOUTH AFRICA,4500,495,3051S 3021E,14
256,755,MESSINA,MESSINA,SOUTH AFRICA,6300,1881,2222S 2959E,14
257,756,MMABATHO,MMABATHO,SOUTH AFRICA,14764,4187,2548S 2533E,14
258,757,NELSPRUIT,NELSPRUIT,SOUTH AFRICA,2871,2800,2530S 3055E,14
259,758,NEWCASTLE SA,NEWCASTLE,SOUTH AFRICA,4921,4105,2746S 2959E,14
260,759,OTJIWARONGO,OTJIWARONGO,SOUTH AFRICA,9750,3592,1753S 1558E,14
261,760,PHALABORWA,HENDRICK VAN ECK,SOUTH AFRICA,4491,1427,2356S 3109E,14
262,761,PIET RETIEF,PIET RETIEF,SOUTH AFRICA,4498,4420,2700S 3050E,14
263,762,PIETERMARITZBURG,PIETERMARITZBURG,SOUTH AFRICA,4200,2425,2939S 3024E,14
264,763,PIETERSBURG,PIETERSBURG (CIVIL),SOUTH AFRICA,7218,4354,2355S 2929E,14
265,764,PILANESBERG,SUN CITY,SOUTH AFRICA,6562,3410,2520S 2710E,14
266,765,PLETTENBERG BAY,PLETTENBERG BAY,SOUTH AFRICA,4003,456,3405S 2319E,14
267,766,PORT ELIZABETH,PORT ELIZABETH,SOUTH AFRICA,6496,225,3359S 2537E,14
268,767,PRETORIA,WONDERBROOM,SOUTH AFRICA,6000,4095,2539S 2813E,14
269,768,QUEENSTOWN,QUEENSTOWN,SOUTH AFRICA,3937,3637,3155S 2653E,14
270,769,RICHARDS BAY,RICHARDS BAY,SOUTH AFRICA,4265,108,2844S 3206E,14
271,770,SISHEN,SISHEN,SOUTH AFRICA,5709,3848,2739S 2300E,14
272,771,THABA NCHU,THABA NCHU,SOUTH AFRICA,6562,4931,2919S 2649E,14
273,772,ULUNDI,ULUNDI,SOUTH AFRICA,5381,1723,2819S 3125E,14
274,773,UPINGTON,PIERRE VAN RYNEVELD,SOUTH AFRICA,16076,2790,2824S 2116E,14
275,774,VEREENIGING,VEREENIGING,SOUTH AFRICA,5266,4846,2635S 2758E,14
276,775,VICTORIA WEST,VICTORIA WEST,SOUTH AFRICA,5780,4122,3124S 2309E,14
277,776,VRYHEID,VRYHEID,SOUTH AFRICA,3737,3800,2747S 3048E,14
278,777,WELKOM,WELKOM,SOUTH AFRICA,6578,4399,2800S 2640E,14
279,778,WINDHOEK EROS,EROS,SOUTH AFRICA,6000,5584,2237S 1705E,14
280,779,WINDHOEK INTL,WINDHOEK INTL.,SOUTH AFRICA,14869,5640,2229S 1728E,14
281,780,ABERDEEN,ABERDEEN,UNITED KINGDOM,6001,215,5712N 0212W,15
282,781,ALDERNEY,ALDERNEY,UNITED KINGDOM,2887,291,4942N 0213W,15
283,782,ASCENSION IS.,WIDEAWAKE,UNITED KINGDOM,10000,273,0758S 1424W,15
284,783,BARROW,WALNEY ISLAND,UNITED KINGDOM,3953,47,5408N 0316W,15
285,784,BEDFORD,BEDFORD,UNITED KINGDOM,10500,293,5214N 0028W,15
286,785,BELFAST,ALDERGROVE,UNITED KINGDOM,9110,267,5439N 0614W,15
287,786,BELFAST,CITY,UNITED KINGDOM,6000,15,5437N 0552W,15
288,787,BEMBRIDGE,BEMBRIDGE,UNITED KINGDOM,2746,55,5041N 0106W,15
289,788,BENBECULA,BENBECULA,UNITED KINGDOM,5417,19,5729N 0722W,15
290,789,BIGGIN HILL,BIGGIN HILL,UNITED KINGDOM,5932,600,5119N 0002E,15
291,790,BIRMINGHAM UK,BIRMINGHAM,UNITED KINGDOM,7398,325,5227N 0145W,15
292,791,BLACKBUSHE,BLACKBUSHE,UNITED KINGDOM,4403,329,5119N 0051W,15
293,792,BLACKPOOL,BLACKPOOL,UNITED KINGDOM,6000,34,5346N 0302W,15
294,793,BOURNEMOUTH,BOURNEMOUTH,UNITED KINGDOM,6030,36,5047N 0150W,15
295,794,BRISTOL,BRISTOL,UNITED KINGDOM,6598,620,5123N 0243W,15
296,795,CAMBRIDGE,CAMBRIDGE,UNITED KINGDOM,6447,50,5212N 0011E,15
297,796,CARDIFF,CARDIFF,UNITED KINGDOM,7000,220,5124N 0321W,15
298,797,CARLISLE,CARLISLE,UNITED KINGDOM,6027,190,5456N 0249W,15
299,798,COVENTRY,COVENTRY,UNITED KINGDOM,5300,281,5222N 0129W,15
300,799,CRANFIELD,CRANFIELD,UNITED KINGDOM,5928,364,5204N 0037W,15
301,800,DUNDEE,DUNDEE,UNITED KINGDOM,3609,13,5627N 0301W,15
302,801,EAST MIDLANDS,EAST MIDLANDS,UNITED KINGDOM,7480,310,5250N 0119W,15
303,802,EDINBURGH,EDINBURGH,UNITED KINGDOM,8400,135,5557N 0322W,15
304,803,EXETER,EXETER,UNITED KINGDOM,6834,102,5044N 0325W,15
305,804,GLASGOW,GLASGOW,UNITED KINGDOM,8720,26,5552N 0426W,15
306,805,GLOUCESTERSHIRE,GLOUCESTERSHIRE,UNITED KINGDOM,4662,95,5154N 0210W,15
307,806,GUERNSEY,GUERNSEY,UNITED KINGDOM,4800,336,4926N 0236W,15
308,807,HUMBERSIDE,HUMBERSIDE,UNITED KINGDOM,7218,122,5335N 0021W,15
309,808,INVERNESS,DALCROSS,UNITED KINGDOM,6191,31,5732N 0403W,15
310,809,ISLAY,ISLAY,UNITED KINGDOM,5069,54,5541N 0615W,15
311,810,ISLE OF MAN,RONALDSWAY,UNITED KINGDOM,5751,55,5404N 0438W,15
312,811,JERSEY,JERSEY,UNITED KINGDOM,5597,277,4913N 0212W,15
313,812,KIRKWALL,KIRKWALL,UNITED KINGDOM,4698,50,5858N 0254W,15
314,813,LEEDS BRADFORD,LEEDS BRADFORD,UNITED KINGDOM,7382,681,5352N 0140W,15
315,814,LIVERPOOL,LIVERPOOL,UNITED KINGDOM,7500,81,5321N 0253W,15
316,815,LONDON CITY,CITY,UNITED KINGDOM,3379,16,5130N 0003E,15
317,816,LONDON GATWICK,GATWICK,UNITED KINGDOM,10364,202,5109N 0011W,15
318,817,LONDON HEATHROW,HEATHROW,UNITED KINGDOM,12802,80,5129N 0028W,15
319,818,LONDON STANSTED,STANSTED,UNITED KINGDOM,10000,347,5153N 0014E,15
320,819,LUTON,LUTON,UNITED KINGDOM,7087,526,5153N 0022W,15
321,820,LYDD,LYDD,UNITED KINGDOM,4935,11,5057N 0056E,15
322,821,MANCHESTER,MANCHESTER,UNITED KINGDOM,10000,256,5321N 0216W,15
323,822,MANSTON,MANSTON,UNITED KINGDOM,9029,178,5120N 0121E,15
324,823,NEWCASTLE,NEWCASTLE,UNITED KINGDOM,7651,266,5502N 0141W,15
325,824,OXFORD,KIDLINGTON,UNITED KINGDOM,5098,270,5150N 0119W,15
326,825,PLYMOUTH,CITY,UNITED KINGDOM,3839,474,5025N 0406W,15
327,826,PRESTWICK,PRESTWICK,UNITED KINGDOM,9800,66,5530N 0435W,15
328,827,SOUTHAMPTOM,EASTLEIGH,UNITED KINGDOM,5653,44,5057N 0121W,15
329,828,SOUTHEND,SOUTHEND,UNITED KINGDOM,5265,48,5134N 0042E,15
330,829,STORNOWAY,STORNOWAY,UNITED KINGDOM,7211,25,5813N 0620W,15
331,830,SUMBURGH,SUMBURGH,UNITED KINGDOM,4680,18,5953N 0118W,15
332,831,SWANSEA,SWANSEA,UNITED KINGDOM,4830,296,5136N 0404W,15
333,832,TEESIDE,TEESIDE,UNITED KINGDOM,7516,120,5431N 0125W,15
334,833,TIREE,TIREE,UNITED KINGDOM,4429,38,5630N 0652W,15
335,834,UNST,UNST,UNITED KINGDOM,2100,62,6045N 0051W,15
336,835,WICK,WICK,UNITED KINGDOM,5279,125,5827N 0306W,15
337,836,ALBUQUERQUE,ALBUQUERQUE,UNITED STATES,13375,5352,3503N 10636W,16
338,837,ATLANTA,WM. B. HARTSFIELD,UNITED STATES,11889,1026,3338N 8426W,16
339,838,ATLANTIC CITY,ATLANTIC CITY,UNITED STATES,10000,76,3927N 7435W,16
340,839,BALTIMORE,WASHINGTON INTL,UNITED STATES,9519,146,3911N 7640W,16
341,840,BANGOR,BANGOR INTL,UNITED STATES,11438,192,4448N 4850W,16
342,841,BEDFORD,BEDFORD,UNITED STATES,7000,133,4228N 7117W,16
343,842,BIRMINGHAM US,BIRMINGHAM INTL,UNITED STATES,8000,644,3334N 8645W,16
344,843,BOSTON,LOGAN INTL,UNITED STATES,10081,20,4222N 7100W,16
345,844,BUFFALO,BUFFALO,UNITED STATES,8100,724,4256N 7844W,16
346,845,BURLINGTON,BURLINGTON,UNITED STATES,7807,334,4428N 7309W,16
347,846,CASPER,NATRONA COUNTY INTL,UNITED STATES,10600,5348,4254N 10628W,16
348,847,CENTRAL FLORIDA REGIONAL,SANFORD,UNITED STATES,8000,55,2847N 8114W,16
349,848,CHARLESTON,CHARLESTON,UNITED STATES,9000,45,3254N 8002W,16
350,849,CHARLOTTE,DOUGLAS,UNITED STATES,10000,749,3531N 8056W,16
351,850,CHATTANOOGA,LOVELL FIELD,UNITED STATES,7401,682,3502N 8512W,16
352,851,CHEYENNE,CHEYENNE,UNITED STATES,9201,6156,4109N 10449W,16
353,852,CHICAGO,CHICAGO O'HARE,UNITED STATES,13000,667,4159N 8754W,16
354,853,CINCINNATI,NORTHERN KENTUCKY INTL,UNITED STATES,10000,891,3903N 8440W,16
355,854,CLEARWATER,CLEARWATER,UNITED STATES,8500,11,2755N 8241W,16
356,855,CLEVELAND,CLEVELAND,UNITED STATES,8500,792,4125N 8151W,16
357,856,COLARADO SPRINGS,CITY OF COLARADO,UNITED STATES,13500,6172,3849N 10443W,16
358,857,COLUMBIA,COLUMBIA MET,UNITED STATES,8600,236,3357N 8107W,16
359,858,COLUMBUS,PORT COLUMBUS,UNITED STATES,10700,816,4000N 8253W,16
360,859,DALLAS,DALLAS FORT WORTH,UNITED STATES,13400,603,3254N 9702W,16
361,860,DALLAS,LOVE FIELD,UNITED STATES,8800,487,3251N 9651W,16
362,861,DENVER,DENVER INTL,UNITED STATES,12000,5431,3951N 10440W,16
363,862,DES MOINES,DES MOINES,UNITED STATES,9000,957,4132N 9339W,16
364,863,DETROIT WAYNE,WAYNE,UNITED STATES,12000,639,4213N 8321W,16
365,864,DETROIT WILLOW RUN,WILLOW RUN,UNITED STATES,7526,716,4214N 8332W,16
366,865,DULUTH,DULUTH INTL,UNITED STATES,10152,1428,4650N 9211W,16
367,866,EVERETT,SNOHOMISH COUNTY,UNITED STATES,9010,606,4754N 12217W,16
368,867,FARGO,HECTOR INTL,UNITED STATES,9546,900,4655N 9649W,16
369,868,FORT LAUDERDALE,FORT LAUDERDALE,UNITED STATES,9000,11,2604N 8009W,16
370,869,FRESNO,FRESNO,UNITED STATES,9222,332,3647N 11943W,16
371,870,GRAND JUNCTION,WALKER FIELD,UNITED STATES,10501,4858,3907N 10832W,16
372,871,GREAT FALLS,GREAT FALLS,UNITED STATES,10500,3674,4729N 11122W,16
373,872,HOUSTON,HOUSTON INTL,UNITED STATES,12000,98,2959N 9520W,16
374,873,HUNTSVILLE,HUNTSVILLE,UNITED STATES,10000,629,3438N 8646W,16
375,874,INDIANAPOLIS,INDIANAPOLIS INTL,UNITED STATES,10005,797,3944N 8617W,16
376,875,JACKSONVILLE,JACKSONVILLE INTL,UNITED STATES,8000,30,3029N 8141W,16
377,876,KANSAS CITY INTL,KANSAS CITY INTL,UNITED STATES,10801,1025,3918N 9444W,16
378,877,KNOXVILLE,KNOXVILLE,UNITED STATES,9008,981,3549N 8400W,16
379,878,LAS VEGAS,LAS VEGAS,UNITED STATES,12635,2174,3605N 11509W,16
380,879,LONG BEACH,LONG BEACH,UNITED STATES,10000,58,3349N 11809W,16
381,880,LOS ANGELES,LOS ANGELES INTL,UNITED STATES,12090,126,3356N 11824W,16
382,881,LOUISVILLE,STANDIFORD FIELD,UNITED STATES,10000,497,3811N 8544W,16
383,882,MEMPHIS INTL,MEMPHIS INTL,UNITED STATES,9319,332,3504N 8958W,16
384,883,MIAMI,MIAMI INTL,UNITED STATES,13000,10,2548N 8017W,16
385,884,MILWAUKEE,MILWAUKEE,UNITED STATES,9690,723,4257N 8754W,16
386,885,MINNEAPOLIS,MINNEAPOLIS,UNITED STATES,10000,841,4453N 9313W,16
387,886,MONTGOMERY,MONTGOMERY,UNITED STATES,9001,221,3218N 8624W,16
388,887,MOSES LAKE,GRANT COUNTY,UNITED STATES,13501,1185,4712N 11919W,16
389,888,NASHVILLE,NASHVILLE,UNITED STATES,11030,597,3608N 8641W,16
390,889,NEW ORLEANS,NEW ORLEANS,UNITED STATES,10080,4,2959N 9016W,16
391,890,NEW YORK JOHN F. KENNEDY,JOHN F. KENNEDY,UNITED STATES,14572,12,4039N 7374W,16
392,891,NEW YORK LA GUARDIA,LA GUARDIA,UNITED STATES,7000,22,4047N 7352W,16
393,892,NEWARK,NEWARK INTL,UNITED STATES,9300,18,4043N 7410W,16
394,893,NEWBURGH,STEWART,UNITED STATES,11818,471,4130N 7406W,16
395,894,NEWPORT NEWS,WILLIAMSBURG INTL,UNITED STATES,8003,41,3708N 7630W,16
396,895,NIAGARA FALLS,NIAGARA FALLS,UNITED STATES,9125,590,4306N 7857N,16
397,896,NORFOLK,NORFOLK INTL,UNITED STATES,9000,27,3654N 7612W,16
398,897,OAKLAND,OAKLAND,UNITED STATES,10000,6,3744N 12213W,16
399,898,OMAHA,EPPLEY,UNITED STATES,8500,983,4118N 9554W,16
400,899,ONTARIO,ONTARIO INTL,UNITED STATES,12200,942,3403N 11736W,16
401,900,ORLANDO,ORLANDO,UNITED STATES,12004,96,2826N 8119W,16
402,901,PHILADELPHIA,PHILADELPHIA,UNITED STATES,10500,21,3953N 7514W,16
403,902,PHOENIX,SKY HARBOR,UNITED STATES,11001,1132,3326N 11201W,16
404,903,PITTSBURGH,PITTSBURGH,UNITED STATES,11500,1203,4030N 8014W,16
405,904,PORTLAND,PORTLAND INTL,UNITED STATES,11011,26,4535N 12236W,16
406,905,PORTLAND,PORTLAND INTL JETPORT,UNITED STATES,6800,74,4339N 7018W,16
407,906,PRESSQUE ISLE,NORTHERN MAINE REGIONAL,UNITED STATES,7440,534,4641N 6803W,16
408,907,PUEBLO MEMORIAL,PUEBLO MEMORIAL,UNITED STATES,10500,4726,3817N 10430W,16
409,908,RENO,CANNON INTL,UNITED STATES,10000,4412,2930N 11946W,16
410,909,RICHMOND,RICHMOND,UNITED STATES,9000,168,3730N 7719W,16
411,910,SACRAMENTO,METROPLOLITAN,UNITED STATES,8600,24,3842N 12136W,16
412,911,SALT LAKE CITY,SALT LAKE CITY,UNITED STATES,12000,4227,4047N 11158W,16
413,912,SAN ANTONIO,SAN ANTONIO INTL,UNITED STATES,8500,809,2932N 9828W,16
414,913,SAN DIEGO,SAN DIEGO,UNITED STATES,9400,15,3244N 11711W,16
415,914,SAN FRANCISCO,SAN FRANCISCO,UNITED STATES,11870,11,3737N 12223W,16
416,915,SAVANNAH,SAVANNAH,UNITED STATES,9351,51,3208N 8112W,16
417,916,SEATTLE,TACOMA,UNITED STATES,11900,429,4727N 12218W,16
418,917,SEATTLE BOEING FIELD,KING COUNTY INTL,UNITED STATES,10000,18,4732N 12218W,16
419,918,SIOUX FALLS,SIOUX FALLS,UNITED STATES,9000,1428,4335N 9644W,16
420,919,SPOKANE INTL,SPOKANE INTL,UNITED STATES,9000,2372,4738N 11732W,16
421,920,ST. LOUIS,ST. LOUIS INTL,UNITED STATES,11019,605,3845N 9022W,16
422,921,SYRACUSE,HANCOCK INTL,UNITED STATES,9005,421,4307N 7606W,16
423,922,TAMPA,TAMPA INTL,UNITED STATES,11002,27,2758N 8232W,16
424,923,WASHINGTON DULLES,DULLES,UNITED STATES,11500,313,3857N 7727W,16
425,924,WASHINGTON NATIONAL,NATIONAL,UNITED STATES,6869,16,3851N 7702W,16
426,925,WEST PALM BEACH,WEST PALM BEACH,UNITED STATES,7991,19,2641N 8006W,16
427,926,WILMINGTON,NEW HANOVER COUNTY,UNITED STATES,7999,32,3416N 7754W,16
428,927,WINDSOR LOCKS,WINDSOR LOCKS,UNITED STATES,9501,174,4156N 7241W,16
